{
  "classes": [
    "CP",
    "FP",
    "PC"
  ],
  "macro_f1_scores": [
    0.20202020202020202,
    0.20202020202020202,
    0.20202020202020202,
    0.20202020202020202,
    0.20512820512820515,
    0.20202020202020202,
    0.20202020202020202,
    0.20202020202020202,
    0.20202020202020202,
    0.20512820512820515
  ],
  "log_losses": [
    1.0608821065752223,
    1.100857389342281,
    0.9962986024492263,
    1.2782842607288691,
    1.2222354436887153,
    1.1180452256879598,
    1.0483859203441417,
    1.1911478448044555,
    1.090054522173229,
    0.9875156851298371
  ],
  "eces": [
    0.051694496818210756,
    0.09876646036687103,
    0.01631723409113678,
    0.014403179935787047,
    0.043290164735582115,
    0.027355685182239686,
    0.15999169712481293,
    0.1909835494082907,
    0.2164889729541281,
    0.0927857491705153
  ],
  "mean_macro_f1": 0.20264180264180265,
  "std_macro_f1": 0.0013104491728229595,
  "mean_log_loss": 1.1093707000923936,
  "std_log_loss": 0.09555848255505413,
  "mean_ece": 0.09120771897875746,
  "std_ece": 0.07444868495981641,
  "per_fold_reports": [
    {
      "CP": {
        "precision": 0.43478260869565216,
        "recall": 1.0,
        "f1-score": 0.6060606060606061,
        "support": 20.0
      },
      "FP": {
        "precision": 0.0,
        "recall": 0.0,
        "f1-score": 0.0,
        "support": 20.0
      },
      "PC": {
        "precision": 0.0,
        "recall": 0.0,
        "f1-score": 0.0,
        "support": 6.0
      },
      "accuracy": 0.43478260869565216,
      "macro avg": {
        "precision": 0.14492753623188406,
        "recall": 0.3333333333333333,
        "f1-score": 0.20202020202020202,
        "support": 46.0
      },
      "weighted avg": {
        "precision": 0.1890359168241966,
        "recall": 0.43478260869565216,
        "f1-score": 0.2635046113306983,
        "support": 46.0
      }
    },
    {
      "CP": {
        "precision": 0.0,
        "recall": 0.0,
        "f1-score": 0.0,
        "support": 20.0
      },
      "FP": {
        "precision": 0.43478260869565216,
        "recall": 1.0,
        "f1-score": 0.6060606060606061,
        "support": 20.0
      },
      "PC": {
        "precision": 0.0,
        "recall": 0.0,
        "f1-score": 0.0,
        "support": 6.0
      },
      "accuracy": 0.43478260869565216,
      "macro avg": {
        "precision": 0.14492753623188406,
        "recall": 0.3333333333333333,
        "f1-score": 0.20202020202020202,
        "support": 46.0
      },
      "weighted avg": {
        "precision": 0.1890359168241966,
        "recall": 0.43478260869565216,
        "f1-score": 0.2635046113306983,
        "support": 46.0
      }
    },
    {
      "CP": {
        "precision": 0.43478260869565216,
        "recall": 1.0,
        "f1-score": 0.6060606060606061,
        "support": 20.0
      },
      "FP": {
        "precision": 0.0,
        "recall": 0.0,
        "f1-score": 0.0,
        "support": 20.0
      },
      "PC": {
        "precision": 0.0,
        "recall": 0.0,
        "f1-score": 0.0,
        "support": 6.0
      },
      "accuracy": 0.43478260869565216,
      "macro avg": {
        "precision": 0.14492753623188406,
        "recall": 0.3333333333333333,
        "f1-score": 0.20202020202020202,
        "support": 46.0
      },
      "weighted avg": {
        "precision": 0.1890359168241966,
        "recall": 0.43478260869565216,
        "f1-score": 0.2635046113306983,
        "support": 46.0
      }
    },
    {
      "CP": {
        "precision": 0.0,
        "recall": 0.0,
        "f1-score": 0.0,
        "support": 20.0
      },
      "FP": {
        "precision": 0.43478260869565216,
        "recall": 1.0,
        "f1-score": 0.6060606060606061,
        "support": 20.0
      },
      "PC": {
        "precision": 0.0,
        "recall": 0.0,
        "f1-score": 0.0,
        "support": 6.0
      },
      "accuracy": 0.43478260869565216,
      "macro avg": {
        "precision": 0.14492753623188406,
        "recall": 0.3333333333333333,
        "f1-score": 0.20202020202020202,
        "support": 46.0
      },
      "weighted avg": {
        "precision": 0.1890359168241966,
        "recall": 0.43478260869565216,
        "f1-score": 0.2635046113306983,
        "support": 46.0
      }
    },
    {
      "CP": {
        "precision": 0.0,
        "recall": 0.0,
        "f1-score": 0.0,
        "support": 20.0
      },
      "FP": {
        "precision": 0.4444444444444444,
        "recall": 1.0,
        "f1-score": 0.6153846153846154,
        "support": 20.0
      },
      "PC": {
        "precision": 0.0,
        "recall": 0.0,
        "f1-score": 0.0,
        "support": 5.0
      },
      "accuracy": 0.4444444444444444,
      "macro avg": {
        "precision": 0.14814814814814814,
        "recall": 0.3333333333333333,
        "f1-score": 0.20512820512820515,
        "support": 45.0
      },
      "weighted avg": {
        "precision": 0.19753086419753088,
        "recall": 0.4444444444444444,
        "f1-score": 0.27350427350427353,
        "support": 45.0
      }
    },
    {
      "CP": {
        "precision": 0.0,
        "recall": 0.0,
        "f1-score": 0.0,
        "support": 20.0
      },
      "FP": {
        "precision": 0.43478260869565216,
        "recall": 1.0,
        "f1-score": 0.6060606060606061,
        "support": 20.0
      },
      "PC": {
        "precision": 0.0,
        "recall": 0.0,
        "f1-score": 0.0,
        "support": 6.0
      },
      "accuracy": 0.43478260869565216,
      "macro avg": {
        "precision": 0.14492753623188406,
        "recall": 0.3333333333333333,
        "f1-score": 0.20202020202020202,
        "support": 46.0
      },
      "weighted avg": {
        "precision": 0.1890359168241966,
        "recall": 0.43478260869565216,
        "f1-score": 0.2635046113306983,
        "support": 46.0
      }
    },
    {
      "CP": {
        "precision": 0.0,
        "recall": 0.0,
        "f1-score": 0.0,
        "support": 20.0
      },
      "FP": {
        "precision": 0.43478260869565216,
        "recall": 1.0,
        "f1-score": 0.6060606060606061,
        "support": 20.0
      },
      "PC": {
        "precision": 0.0,
        "recall": 0.0,
        "f1-score": 0.0,
        "support": 6.0
      },
      "accuracy": 0.43478260869565216,
      "macro avg": {
        "precision": 0.14492753623188406,
        "recall": 0.3333333333333333,
        "f1-score": 0.20202020202020202,
        "support": 46.0
      },
      "weighted avg": {
        "precision": 0.1890359168241966,
        "recall": 0.43478260869565216,
        "f1-score": 0.2635046113306983,
        "support": 46.0
      }
    },
    {
      "CP": {
        "precision": 0.43478260869565216,
        "recall": 1.0,
        "f1-score": 0.6060606060606061,
        "support": 20.0
      },
      "FP": {
        "precision": 0.0,
        "recall": 0.0,
        "f1-score": 0.0,
        "support": 20.0
      },
      "PC": {
        "precision": 0.0,
        "recall": 0.0,
        "f1-score": 0.0,
        "support": 6.0
      },
      "accuracy": 0.43478260869565216,
      "macro avg": {
        "precision": 0.14492753623188406,
        "recall": 0.3333333333333333,
        "f1-score": 0.20202020202020202,
        "support": 46.0
      },
      "weighted avg": {
        "precision": 0.1890359168241966,
        "recall": 0.43478260869565216,
        "f1-score": 0.2635046113306983,
        "support": 46.0
      }
    },
    {
      "CP": {
        "precision": 0.43478260869565216,
        "recall": 1.0,
        "f1-score": 0.6060606060606061,
        "support": 20.0
      },
      "FP": {
        "precision": 0.0,
        "recall": 0.0,
        "f1-score": 0.0,
        "support": 20.0
      },
      "PC": {
        "precision": 0.0,
        "recall": 0.0,
        "f1-score": 0.0,
        "support": 6.0
      },
      "accuracy": 0.43478260869565216,
      "macro avg": {
        "precision": 0.14492753623188406,