{
  "classes": [
    "CP",
    "FP",
    "PC"
  ],
  "macro_f1_scores": [
    0.9595588235294118,
    1.0,
    0.9828609096901779,
    1.0,
    0.9709618874773139,
    0.9625,
    0.9440018315018316,
    1.0,
    1.0,
    1.0,
    0.9460624265378085,
    0.9632936507936508,
    1.0,
    1.0,
    0.9658119658119659
  ],
  "log_losses": [
    0.16745142940248944,
    0.05682179427132204,
    0.07981356255278875,
    0.011901404459650208,
    0.08543089742842791,
    0.19621650428564152,
    0.12777871206376493,
    0.025566144083731517,
    0.010734036383597382,
    0.023734584503010133,
    0.09719079263558321,
    0.1975855743452842,
    0.031958168546862065,
    0.010212699349016335,
    0.10251740304435208
  ],
  "eces": [
    0.05077296389003988,
    0.04816905195100801,
    0.02782418790985739,
    0.011123098861707582,
    0.020476035476461357,
    0.03766836835413037,
    0.025905602176539887,
    0.023389003072508248,
    0.010496885250936394,
    0.021900672740137992,
    0.03332201293097605,
    0.057161161716024186,
    0.027349078716221387,
    0.00979111747640964,
    0.03564953887957215
  ],
  "mean_macro_f1": 0.9796700996894773,
  "std_macro_f1": 0.02161408421469015,
  "mean_log_loss": 0.08166091382370144,
  "std_log_loss": 0.06618882937324784,
  "mean_ece": 0.029399918626835372,
  "std_ece": 0.01456355133220252,
  "split_json": "data/splits/holdout_star42.json",
  "train_stars": 201,
  "holdout_stars": 27
}